ID_PRODUCTOS,CATEGORIA,MARCA,Nombre_Producto,,,,,,,,,,,
42541,CONSTRUCCION,EINHELL,SIERRA DE BANCO 1800 W TC-TS 2025/2 U,,,,,,,,,,,
39284,CONSTRUCCION,FGOUTDOORS,PALA CAMPING DE 24 X 40 CM DEPCAMACC039 FGOUTDOORS- NEGRO,,,,,,,,,,,
28149,CONSTRUCCION,IMACASA,PALA CUADRADA DE 40 3/4” JARPALIMA001 IMACASA- NEGRO,,,,,,,,,,,
41910,CONSTRUCCION,ISOLCORK,REVESTIMIENTO CORCHO PROYECTADO 12 KG VERDE,,,,,,,,,,,
41368,CONSTRUCCION,KETER,CAJA DE HERRAMIENTAS CANTILEVER JOBBOX KETER,,,,,,,,,,,
43741,CONSTRUCCION,KOXIS,CAJA HERRAMIENTAS 100 PCS,,,,,,,,,,,
38881,CONSTRUCCION,SDS POWER,PLACA COMPACTADORA UNIDIRECCIONAL SDS-2150,,,,,,,,,,,
41851,CONSTRUCCION,TECNODELIV,TURBOCALEFACTOR DIESEL PARAFINA 20KW EXTERIOR,,,,,,,,,,,
41914,CONSTRUCCION,TOTAL,TALADRO INALÁMBRICO PERCUTOR 3/8 (10MM) M/METÁLICO 20V TOTAL,,,,,,,,,,,
42347,CONSTRUCCION,WORX,BANCO TRABAJO PLEGABLE CAPACIDAD 136 KGS,,,,,,,,,,,
39395,DECO BAÑO,FANALOZA,ONE PIECE NEW MONZA BLANCO 30 CM,,,,,,,,,,,
41759,DECO BAÑO,MARIENBERG,BANDA STRETCH (CAJA DE 100 UDS). PACK DE 4 UDS,,,,,,,,,,,
41629,DECO BAÑO,STRETTO,RECEPTÁCULO DE DUCHA ACRÍLICO 130 X 70 X 14 CM,,,,,,,,,,,
41630,DECO BAÑO,STRETTO,MONOMANDO TINA DUCHA OZ STRETTO,,,,,,,,,,,
39162,DECO BAÑO,STRETTO,MONOMANDO LAVAPLATOS TAFF STRETTO,,,,,,,,,,,
38241,DECO BAÑO,FANALOZA,COMBINACIÓN LAVAPLATOS ERGO STRETTO,,,,,,,,,,,
37175,DECO BAÑO,STRETTO,MONOMANDO LAVATORIO FIORENZO STRETTO,,,,,,,,,,,
42376,ILUMINACION,GENERICO,PANEL LED INDOOR GROW CRECIMIENTO 3 EN 1 POTENCIA 1200W,,,,,,,,,,,
43063,ILUMINACION,WANT,LAMPARA COLGANTE SOQUETE DECORATIVO VINTAGE SOGA CAÑAMO E27,,,,,,,,,,,
42048,ILUMINACION,WANT,AMPOLLETA LED SMART BRIGHT GU-10 5W,,,,,,,,,,,
39501,ILUMINACION,YU.UZ,AMPOLLETA DE 4W FILAMENTO E14 LUZ FRIA PACK 10 UNIDADES,,,,,,,,,,,
41862,JARDIN,DECOGREEN,CUADRO VERDE NATURAL / JARDÍN VERTICAL,,,,,,,,,,,
37674,JARDIN,HUERTOS ALMA,PALA VERDE HERRAMIENTA DE JARDÍN,,,,,,,,,,,
27946,JARDIN,KOSLAN,VÁLVULA DE BOLA 4' MARCA TIEMME,,,,,,,,,,,
36324,JARDIN,MARIENBERG,HIERBERO 4H,,,,,,,,,,,
39710,JARDIN,TREETOP,TORRE TREPADORA TREETOP COLOR VERDE,,,,,,,,,,,
41972,MASCOTAS,BIO BAGS,Bolsa sanitaria ecológicas 60 unidades Bio Bags,,,,,,,,,,,
35154,MASCOTAS,HEY,Carpa mascota M gris Hey,,,,,,,,,,,
39698,MASCOTAS,HEY,Cama mascota S Antiestres rosado Hey,,,,,,,,,,,
39729,MASCOTAS,HEY,Cama mascota L llama blanco Hey,,,,,,,,,,,
42162,MASCOTAS,HEY,Colchón mascota L minimalista Hey,,,,,,,,,,,
34677,MASCOTAS,HOLLYVET,Snack perro papas fritas Hollyvet,,,,,,,,,,,
41569,MASCOTAS,INABA,PET'S FUN,,,,,,,,,,,
41393,MASCOTAS,MASTER DOG,Alimento perro 21 kg adulto carne Master Dog,,,,,,,,,,,
43673,MASCOTAS,PASCUALA,Cinturón auto cosmos By Pascuala,,,,,,,,,,,
42316,MASCOTAS,SUPERPET,Bebedero portátil acero inoxidable,,,,,,,,,,,
40617,MASCOTAS,SUPERPET,Snack perro húmero cerdo 3 unidades,,,,,,,,,,,
39330,MASCOTAS,CACHUPIN,Chips cuero 3 unidades,,,,,,,,,,,
43349,MASCOTAS,CACHUPIN,"Hueso gigante 1,75 kg vacuno",,,,,,,,,,,
37513,MASCOTAS,PET'S FUN,Bolsas sanitarias 120 unidades Pet's fun,,,,,,,,,,,
42161,MASCOTAS,PET'S FUN,Colchón mascota Súper marrón Pet's fun,,,,,,,,,,,
41973,MASCOTAS,PET'S FUN,Poruña alimento grande Pet's fun,,,,,,,,,,,
34637,MASCOTAS,PURINA ONE,Alimento perro adulto 6 kg mini/pequeño pollo y cordero Purina One,,,,,,,,,,,
42510,MASCOTAS,TRAPER,Desinfectante ambientes 500 cc lavanda Traper,,,,,,,,,,,
40798,SEGURIDAD,HARDWORK,PARKA HW NEW ASPEN CERTIFICADA CON RECCO ROCK BLUE  (ISP),,,,,,,,,,,
39301,SEGURIDAD,MUNDO ONLINE,ESPEJO CONVEXO ESTACIONAMIENTO PANORAMICO 45 CM,,,,,,,,,,,
41903,SEGURIDAD,ODIS,BARRA DE SEGURIDAD ODIS LLAVE-LLAVE - TRANCA DE SEGURIDAD,,,,,,,,,,,
39327,SEGURIDAD,ODIS,CANDADO ODIS WATERPROOF 49 49MM COMBINACIÓN – WATERPROOF,,,,,,,,,,,
39359,SEGURIDAD,ODIS,CERRADURA EMBUTIR ODIS 206 COLONIAL ACCESO - LINEA 206,,,,,,,,,,,
43825,SEGURIDAD,STEELPRO,GUANTE ANTI IMPACT FORCE,,,,,,,,,,,
43393,SEGURIDAD,STEELPRO,CASCO YAKO STEELPRO,,,,,,,,,,,
39382,SEGURIDAD,VFLEX,ZAPATO SEGURIDAD V6 CAFÉ,,,,,,,,,,,
